title,url,summary,overall_sentiment_score,overall_sentiment_label,ticker_relevance_score,ticker_sentiment_score,ticker_sentiment_label,time_published
"Biden seeks new funding for air traffic controllers, Amtrak",https://www.reuters.com/business/aerospace-defense/biden-seeks-new-funding-air-traffic-controllers-amtrak-2023-03-13/,"WASHINGTON, March 13 ( Reuters ) - The Biden administration on Monday released details on a new proposal calling for more funding for more air traffic controllers and to speed modernization efforts after a computer outage led to the first nationwide flight grounding since 2001.",0.098411,Neutral,,0.03107,Neutral,20230313T221137
Boeing  ( BA )  Gains As Market Dips: What You Should Know,https://www.zacks.com/stock/news/2065016/boeing-ba-gains-as-market-dips-what-you-should-know,"Boeing (BA) closed at $203.37 in the latest trading session, marking a +0.15% move from the prior day.",0.089849,Neutral,,0.113828,Neutral,20230313T214519
News Exclusive | Boeing Expected to Sell About 80 Dreamliners in Saudi Airline Deal,https://www.wsj.com/articles/boeing-expected-to-sell-about-80-dreamliners-in-saudi-airline-deal-4905921e,"Two Saudi Arabian airlines are nearing a deal to buy a total of about 80 Boeing 787 Dreamliners with options for some 40 more, another significant order for the American aircraft manufacturer.",0.290045,Somewhat-Bullish,,0.19265,Somewhat-Bullish,20230313T202700
Saudi Arabia has announced a new airline to bring in tourists as it tries to attract 100 million visitors to the kingdom by 2030,https://africa.businessinsider.com/transportation/saudi-arabia-has-announced-a-new-airline-to-bring-in-tourists-as-it-tries-to-attract/xq3gzff,Saudi Arabia has announced a new airline to bring in tourists as it ... - Business Insider Africa ...,0.172456,Somewhat-Bullish,,0.146195,Neutral,20230313T200230
Saudi Arabia has announced a new airline to bring in tourists as it tries to attract 100 million visitors to the kingdom by 2030,https://www.businessinsider.com/saudia-arabia-establishing-new-airline-to-attract-tourists-riyadh-air-2023-3,Saudia Arabia Establishing New Airline to Attract Tourists. Riyadh Air - Business Insider ...,0.177255,Somewhat-Bullish,,0.145019,Neutral,20230313T200230
Boeing expected to sell nearly 80 787 planes to Saudi airlines -source,https://www.reuters.com/business/aerospace-defense/boeing-expected-sell-nearly-80-787-planes-saudi-airlines-source-2023-03-13/,Boeing expected to sell nearly 80 787 planes to Saudi airlines ...,0.036852,Neutral,,0.115592,Neutral,20230313T194300
"Embraer  ( ERJ )  Q4 Earnings Lag Estimates, Revenues Rise Y/Y",https://www.zacks.com/stock/news/2064912/embraer-erj-q4-earnings-lag-estimates-revenues-rise-yy,Embraer's (ERJ) Q4 2023 adjusted earnings of 24 cents per ADS miss the Zacks Consensus Estimate of 30 cents per ADS.,0.096324,Neutral,,0.068584,Neutral,20230313T163500
Lockheed Martin  ( LMT )  Wins $164.3M Contract for UH-60M Aircraft,https://www.zacks.com/stock/news/2064913/lockheed-martin-lmt-wins-1643m-contract-for-uh-60m-aircraft,"Lockheed Martin's (LMT) arm, Sikorsky, clinches a $164.3-million contract for UH-60M aircraft.",0.426799,Bullish,,0.441902,Bullish,20230313T163400
Amazon Presses For Level Playing Field On Which To Compete With SpaceX's Starlink,https://www.forbes.com/sites/lorenthompson/2023/03/13/amazon-presses-for-level-playing-field-on-which-to-compete-with-spacexs-starlink/,Sometimes being big is what makes it possible to bring competition to emerging markets.,0.153422,Somewhat-Bullish,,-0.033809,Neutral,20230313T161227
3 Airline Stocks to Buy Now as Air Travel Demand Bounces Back,https://www.zacks.com/stock/news/2064825/3-airline-stocks-to-buy-now-as-air-travel-demand-bounces-back,"Considering the buoyant scenario of air-travel demand, both domestic and internationally, investing in airline stocks like CPA, AAL, ALK can be a prudent move.",0.274447,Somewhat-Bullish,,0.220914,Somewhat-Bullish,20230313T152800
General Electric Is Getting Ready to Fire On all Cylinders,https://www.fool.com/investing/2023/03/13/general-electric-is-getting-ready-to-fire-on-all-c/,Management's recent guidance was better than many had expected it to be.,0.291327,Somewhat-Bullish,,0.094011,Neutral,20230313T141800
"Boeing Outflanks Airbus, Nears $35 Bil. Deal With New Saudi Airline",https://www.investors.com/news/ba-stock-rises-boeing-35-billion-jet-deal-new-saudi-airline/,BA Stock: Boeing Eyes $35 Billion Jet Deal For New Saudi Airline ... Investor's Business Daily ...,0.084088,Neutral,,0.146201,Neutral,20230313T123743
GOL Linhas Aéreas launches Sabre Ancillary IQ,https://www.prnewswire.com/news-releases/gol-linhas-aereas-launches-sabre-ancillary-iq-301769793.html,Sabre's innovative AI-based solution will help GOL create personalized traveler experiences and drive incremental ancillary revenue,0.458826,Bullish,,0.159855,Somewhat-Bullish,20230313T123000
From the Sea to the Sky: United Invests $5 Million in Algae-based Fuel Producer Viridos,https://www.prnewswire.com/news-releases/from-the-sea-to-the-sky-united-invests-5-million-in-algae-based-fuel-producer-viridos-301769673.html,From the Sea to the Sky: United Invests $5 Million in Algae-based ... PR ...,0.168276,Somewhat-Bullish,,0.19395,Somewhat-Bullish,20230313T120000
Better Buy: Boeing vs. Raytheon Technologies,https://www.fool.com/investing/2023/03/13/better-buy-boeing-vs-raytheon-technologies/,"The aerospace and defense giants both offer exposure to attractive end markets, but one has executed better in recent years.",0.188681,Somewhat-Bullish,,0.24924,Somewhat-Bullish,20230313T115000
"The daily business briefing: March 13, 2023",https://theweek.com/briefing/business-briefing/1021740/the-daily-business-briefing-march-13-2023,"Treasury Secretary Janet Yellen said Sunday her department would back deposits of the collapsed Silicon Valley Bank, but she said the federal government would not bail out the company. ""We're not going to do that again,"" Yellen said on CBS's Face the Nation. ""But we are concerned about ...",0.01931,Neutral,,0.071999,Neutral,20230313T113249
Boeing JV Targets 3 Vulcan Launches in 2023. What Investors Should Know,https://www.fool.com/investing/2023/03/13/boeing-jv-targets-3-vulcan-launches-in-2023/,Never before in its history has the ULA joint venture between Boeing and Lockheed launched rockets as fast as this.,0.165888,Somewhat-Bullish,,0.197128,Somewhat-Bullish,20230313T110700
America Is Ceding the Seas to Its Enemies,https://www.theatlantic.com/magazine/archive/2023/04/us-navy-oceanic-trade-impact-russia-china/673090/,"Very few Americans-or, for that matter, very few people on the planet-can remember a time when freedom of the seas was in question. But for most of human history, there was no such guarantee. Pirates, predatory states, and the fleets of great powers did as they pleased.",0.098621,Neutral,,0.068083,Neutral,20230313T100000
Lynx Air Adds Fredericton to its Network,https://www.benzinga.com/pressreleases/23/03/g31314687/lynx-air-adds-fredericton-to-its-network,"FREDERICTON, New Brunswick, March 13, 2023 ( GLOBE NEWSWIRE ) -- Lynx Air ( Lynx ) today announced the addition of Fredericton to its network from June 12, 2023, offering affordable links between New Brunswick, Ontario and Alberta.",0.25627,Somewhat-Bullish,,0.159454,Somewhat-Bullish,20230313T100000
Saudi Arabia Announces New Airline and Possibly a Big Deal with Boeing,https://www.fool.com/investing/2023/03/12/saudi-arabia-announces-new-airline-and-possibly-a/,"Come fly the Saudi skies. On Sunday, Crown Prince Mohammed bin Salman announced Saudi Arabia will launch a new state-run airline called Riyadh Air,...",0.080437,Neutral,,0.052794,Neutral,20230313T000019
"Biden Rejects Trump's Air Force One Color Scheme, Ordering These Hues Instead - Boeing  ( NYSE:BA ) ",https://www.benzinga.com/news/23/03/31311579/biden-rejects-trumps-air-force-one-color-scheme-ordering-these-hues-instead,"Air Force One is getting a new color scheme. President Joe Biden has selected a white, light blue, and yellow scheme for the presidential plane. Former President Donald Trump had previously chosen darker red, white, and blue for the plane.",-0.056355,Neutral,,-0.140689,Neutral,20230312T201416
Boeing Reportedly On Brink Of $35B Airline Deal With Saudi Arabia - Boeing  ( NYSE:BA ) ,https://www.benzinga.com/news/23/03/31311469/boeing-reportedly-on-brink-of-35b-airline-deal-with-saudi-arabia,"Boeing Co. BA may be on the brink of securing a substantial order this year. What Happened: Saudi Arabia's Public Investment Fund is close to finalizing a new order with Boeing, which is estimated to be worth around $35 billion, The Wall Street Journal reported, citing people familiar with the ...",0.188027,Somewhat-Bullish,,0.373277,Bullish,20230312T193233
Saudi Arabia Unveils New Airline Amid Jet Talks With Boeing,https://www.wsj.com/articles/saudi-arabia-unveils-new-airline-amid-jet-talks-with-boeing-4433dbeb,Riyadh Air is the latest Mideast carrier trying to use its geographic position between Europe and Asia to attract fliers.,0.140299,Neutral,,0.040962,Neutral,20230312T172700
Kimpson leaving South Carolina Senate to join Biden admin,https://apnews.com/article/marlon-kimpson-south-carolina-biden-appointment-senate-legislature-8a9dc712cfe01056a7db8864817f3409,"COLUMBIA, S.C. ( AP ) - State Sen. Marlon Kimpson, a South Carolina lawmaker and early backer of President Joe Biden, is leaving his legislative post more than a year early to take an appointment in the Biden administration.",0.095802,Neutral,,0.050173,Neutral,20230312T171358
Boeing Close to Supplier Deal for a New Saudi Airline,https://www.barrons.com/articles/boeing-close-to-being-named-supplier-for-a-new-saudi-arabian-airline-d288ed1d,Boeing Close to Being Named Supplier For a New Saudi Arabian Airline ...,0.217263,Somewhat-Bullish,,0.384747,Bullish,20230312T155214
Saudi Unveils New Airline To Compete With Gulf Rivals,https://www.barrons.com/news/saudi-unveils-new-airline-to-compete-with-gulf-rivals-9d37451c,"Saudi Arabia announced Sunday the creation of a new national airline, part of a plan to turn Riyadh into a global aviation hub rivalling regional leaders like Dubai and Doha. Riyadh Air ""aims to launch flights to more than 100 destinations around the world by 2030,"" the official Saudi Press ...",0.143609,Neutral,,0.153758,Somewhat-Bullish,20230312T124101
Saudi Unveils New Airline To Fuel Aviation Boom,https://www.barrons.com/news/saudi-unveils-new-airline-to-fuel-aviation-boom-1cac3436,"Saudi Arabia announced Sunday the creation of a new national airline, part of a plan to turn Riyadh into a global aviation hub rivalling regional leaders like Dubai and Doha. Riyadh Air ""aims to launch flights to more than 100 destinations around the world by 2030,"" the official Saudi Press ...",0.116195,Neutral,,0.172505,Somewhat-Bullish,20230312T115649
Help Wanted: SpaceX and ULA Need Not Apply,https://www.fool.com/investing/2023/03/12/help-wanted-spacex-and-ula-need-not-apply/,Space Force proposes a new plan to subsidize the development of new space companies -- and new space rockets.,0.22718,Somewhat-Bullish,,0.147549,Neutral,20230312T110700
News Exclusive | Saudi Sovereign-Wealth Fund Close to Deal for Boeing Jets,https://www.wsj.com/articles/saudi-sovereign-wealth-fund-close-to-deal-for-boeing-jets-943c1377,A large order for planes is expected to coincide with the launch of a new Saudi national airline.,0.06451,Neutral,,0.178435,Somewhat-Bullish,20230311T212000
Saudi sovereign wealth fund close to deal for Boeing jets -WSJ,https://www.reuters.com/business/aerospace-defense/saudi-sovereign-wealth-fund-close-deal-boeing-jets-wsj-2023-03-11/,Saudi sovereign wealth fund close to deal for Boeing jets ...,0.172179,Somewhat-Bullish,,0.057901,Neutral,20230311T191100
Air India gets DGCA nod for cross utilisation of wide-body pilots,https://www.business-standard.com/article/companies/air-india-gets-dgca-nod-for-cross-utilisation-of-wide-body-pilots-123031100672_1.html,"Aviation regulator DGCA has approved Air India's long-pending request to allow the same pilots to operate two types of Boeing wide-body aircraft, according to officials. Initially, Air India can train a total of eight designated examiners for operating Boeing 777 and 787 aircraft.",0.139064,Neutral,,0.174129,Somewhat-Bullish,20230311T145600
"Boeing Prepares to Retire the F-18, and the Revenue Hit Could Be Significant",https://www.fool.com/investing/2023/03/11/boeing-f-18-retirement-could-hit-boeing-revenue/,The loss of the F/A-18 won't be the end for Boeing because this defense business's future is in drones.,0.12717,Neutral,,0.224169,Somewhat-Bullish,20230311T120700
Biden sticks with Kennedy-era color scheme for next Air Force One after scrapping Trump's design,https://www.foxbusiness.com/lifestyle/biden-sticks-kennedy-era-color-scheme-next-air-force-one-scrapping-trumps-design,"President Joe Biden decided to stick with blue and white for the exterior color scheme of the next Air Force One aircraft, though the classic design will be slightly modernized. The U.S.",0.085269,Neutral,,0.142872,Neutral,20230311T101247
Biden reversed a Trump-era decision to change the colors of Air Force One. Here's what it looked like throughout the years,https://www.businessinsider.com/biden-changes-colors-air-force-one-blue-and-white-2023-3,PHOTOS: Biden Changes Colors of Air Force One Back to Blue and ... - Business Insider ...,0.037514,Neutral,,0.045168,Neutral,20230311T065036
Biden reversed a Trump-era decision to change the colors of Air Force One. Here's what it looked like throughout the years,https://africa.businessinsider.com/politics/biden-reversed-a-trump-era-decision-to-change-the-colors-of-air-force-one-heres-what/y44qldc,Biden reversed a Trump-era decision to change the colors of Air ... - Business Insider Africa ...,0.023545,Neutral,,0.048319,Neutral,20230311T065036
Biden Scraps Trump's Paint Scheme For Air Force One,https://www.barrons.com/news/biden-scraps-trump-s-paint-scheme-for-air-force-one-e27ee604,"The US Air Force on Friday unveiled a new color scheme for Air Force One, discarding the palette chosen by Donald Trump for the presidential aircraft. President Joe Biden is sticking with a classic blue-and-white color scheme for the jets, which are under construction, retaining a design that ...",0.049763,Neutral,,0.0,Neutral,20230311T054047
"New Air Force One will stay blue and white, Joe Biden decides | The Financial Express",https://www.financialexpress.com/world-news/new-air-force-one-will-stay-blue-and-white-joe-biden-decides/3005469/,"New Air Force One will stay blue and white, Joe Biden decides The Financial Express ...",0.056319,Neutral,,0.0,Neutral,20230311T034526
"New Air Force One will stay blue and white, Joe Biden decides | The Financial Express",https://www.financialexpress.com/defence/new-air-force-one-will-stay-blue-and-white-joe-biden-decides/3005469/,"New Air Force One will stay blue and white, Joe Biden decides The Financial Express ...",0.056319,Neutral,,0.0,Neutral,20230311T034526
GE lends helping hands to jet engine suppliers to sidestep supply-chain challenges,https://www.reuters.com/business/aerospace-defense/ge-lends-helping-hands-jet-engine-suppliers-sidestep-supply-chain-challenges-2023-03-10/,GE lends helping hands to jet engine suppliers to sidestep supply ... ...,0.036082,Neutral,,0.065804,Neutral,20230310T223020
US Stocks Tumble On Silicon Valley Bank Turmoil,https://www.barrons.com/news/us-stocks-tumble-on-silicon-valley-bank-turmoil-54aa8dff,"Wall Street stocks ended Friday's session decisively lower as banking shares wobbled on contagion fears, after the failure of regional lender Silicon Valley Bank. The Dow Jones Industrial Average finished down 1.1 percent at 31,909.96.",-0.200855,Somewhat-Bearish,,0.047503,Neutral,20230310T211047
"Boeing Can Resume Dreamliner Deliveries, FAA Says",https://www.wsj.com/articles/boeing-can-resume-dreamliner-deliveries-faa-says-bf6c1738,Deliveries of Boeing's 787 Dreamliner had been halted in February over a regulatory documentation issue.,-0.020992,Neutral,,-0.038247,Neutral,20230310T210300
FAA approves restarting Boeing 787 Dreamliner deliveries next week,https://www.reuters.com/business/aerospace-defense/faa-approves-restarting-boeing-787-dreamliner-deliveries-next-week-2023-03-10/,"March 10 ( Reuters ) - The Federal Aviation Administration on Friday approved Boeing to resume deliveries of its widebody 787 Dreamliner next week. The agency halted 787 deliveries on Feb. 23 due to a data analysis error related to the jet's forward pressure bulkhead, which Boeing Co ( BA.N ) ...",0.002365,Neutral,,0.00427,Neutral,20230310T193100
A Look Into Boeing's Debt - Boeing  ( NYSE:BA ) ,https://www.benzinga.com/news/23/03/31301530/a-look-into-boeings-debt,"Over the past three months, shares of Boeing Inc. BA rose by 6.05%. Before having a look at the importance of debt, let's look at how much debt Boeing has. According to the Boeing's most recent balance sheet as reported on January 27, 2023, total debt is at $57.00 billion, with $51.81 billion in ...",-0.056015,Neutral,,0.135975,Neutral,20230310T190257
"Embraer Ends 2022 In The Red, But Rebounds In Q4",https://www.barrons.com/news/embraer-ends-2022-in-the-red-but-rebounds-in-q4-95bf80fd,"Embraer Ends 2022 In The Red, But Rebounds In ...",0.218793,Somewhat-Bullish,,0.162572,Somewhat-Bullish,20230310T180013
4 Reasons Behind the Strength of Aerospace & Defense ETFs,https://www.zacks.com/stock/news/2064359/4-reasons-behind-the-strength-of-aerospace-defense-etfs,Aerospace & Defense ETFs have hit 52-week highs lately.,0.2074,Somewhat-Bullish,,-0.020058,Neutral,20230310T180000
Stratasys  ( SSYS )  Shares Spike 13% on Takeover Proposal,https://www.zacks.com/stock/news/2064221/stratasys-ssys-shares-spike-13-on-takeover-proposal,"Stratasys' (SSYS) high-growth product launches, strategic collaborations and highly attractive valuation are likely to have made it a lucrative takeover target for Nano Dimension.",0.243433,Somewhat-Bullish,,0.142666,Neutral,20230310T151100
Boeing Plans 737 Freighter Conversion Facility In India: Report - Boeing  ( NYSE:BA ) ,https://www.benzinga.com/news/23/03/31292719/boeing-plans-737-freighter-conversion-facility-in-india-report,"Boeing Co BA reportedly intends to establish a facility in India to convert 737 passenger planes into dedicated freighters. With this new facility, Boeing hopes to meet the demand for the service both locally and internationally.",0.126986,Neutral,,0.224039,Somewhat-Bullish,20230310T130835
Embraer boosts net revenue forecast as deliveries set to increase in 2023,https://www.reuters.com/business/aerospace-defense/embraer-boosts-net-revenue-forecast-deliveries-set-increase-2023-2023-03-10/,Embraer boosts net revenue forecast as deliveries set to increase in ... ...,0.094557,Neutral,,0.083845,Neutral,20230310T111525
Boeing to set up freight conversion facility in India amid growing demand,https://www.business-standard.com/article/companies/boeing-to-set-up-freight-conversion-facility-in-india-amid-growing-demand-123031000313_1.html,"Boeing Co will set up in India a facility to convert passenger aircraft into freight planes to capitalise on growing global demand for cargo, executives from the US aviation firm said on Friday ...",0.028451,Neutral,,-0.058847,Neutral,20230310T080400
"With 5.1% CAGR, Precision Guided Munition Market Size to Reach USD 45.25 billion by 2029",https://www.benzinga.com/pressreleases/23/03/g31291744/with-5-1-cagr-precision-guided-munition-market-size-to-reach-usd-45-25-billion-by-2029,"Luton, Bedfordshire, United Kingdom, March 10, 2023 ( GLOBE NEWSWIRE ) -- Exactitude Consultancy, the market research and consulting wing of Ameliorate Digital Consultancy Private Limited has completed and published the final copy of the detailed research report on the Precision Guided Munition ...",0.118426,Neutral,,0.179799,Somewhat-Bullish,20230310T075159
"Boeing, GMR Aero Technic to set up freighter conversion line in Hyderabad | The Financial Express",https://www.financialexpress.com/industry/boeing-gmr-aero-technic-to-set-up-freighter-conversion-line-in-hyderabad/3004421/,"Boeing, GMR Aero Technic to set up freighter conversion line in ... The Financial Express ...",0.320165,Somewhat-Bullish,,0.532369,Bullish,20230310T061854
Boeing says to set up freight conversion facility in India,https://www.reuters.com/business/aerospace-defense/boeing-says-set-up-freight-conversion-facility-india-2023-03-10/,"NEW DELHI, March 10 ( Reuters ) - Boeing Co ( BA.N ) will set up in India a facility to convert passenger aircraft into freight planes to capitalise on growing global demand for cargo, executives from the U.S. aviation firm said on Friday.",0.025985,Neutral,,-0.051229,Neutral,20230310T055100
Jet Engine Shortage Crimps Air Travel's Big Comeback,https://www.fool.com/investing/2023/03/09/jet-engine-shortage-crimps-air-travels-big-comebac/,"Airlines have never experienced engine trouble quite like this. While the air travel industry is enjoying rip-roaring demand, enough to take it...",0.200548,Somewhat-Bullish,,0.057835,Neutral,20230310T010005
GE chief says premature to talk about 2025-26 engine supplies,https://www.reuters.com/business/aerospace-defense/ge-chief-says-premature-talk-about-2025-26-engine-supplies-2023-03-09/,"CINCINNATI, Ohio, March 9 ( Reuters ) - General Electric Co ( GE.N ) Chief Executive Larry Culp said on Thursday it was ""premature"" to talk about engine production volumes for 2025 and 2026, but dismissed speculation about a rift with planemakers on jetliner production plans.",0.004748,Neutral,,0.194918,Somewhat-Bullish,20230309T234200
"Gol Linhas  ( GOL )  Q4 Loss Wider Than Estimates, Revenues Miss",https://www.zacks.com/stock/news/2063839/gol-linhas-gol-q4-loss-wider-than-estimates-revenues-miss,Gol Linhas (GOL) fourth-quarter 2022 revenues increase year over year.,0.059378,Neutral,,0.0,Neutral,20230309T230300
"GE working to address durability issues with LEAP jet engines, says company exec",https://www.reuters.com/business/aerospace-defense/ge-working-address-durability-issues-with-leap-jet-engines-says-company-exec-2023-03-09/,"GE working to address durability issues with LEAP jet engines, says ... ...",-0.061553,Neutral,,-0.234528,Somewhat-Bearish,20230309T224900
Dow Jones Losses Deepen Despite Jobless Claims Surprise; Microsoft's New Bing Hits 100 Mil. Daily Users,https://www.investors.com/market-trend/stock-market-today/dow-jones-pares-gains-after-surprising-jobless-claims-microsoft-new-bing-hits-100-mil-daily-active-users/,Dow Jones Losses Deepen Despite Jobless Claims Surprise ... Investor's Business Daily ...,0.161356,Somewhat-Bullish,,0.046837,Neutral,20230309T185300
The newest US low-cost carrier is finally launching flights - but to Nevada instead of Japan or Korea,https://africa.businessinsider.com/transportation/the-newest-us-low-cost-carrier-is-finally-launching-flights-but-to-nevada-instead-of/73834h6,The newest US low-cost carrier is finally launching flights - but to ... - Business Insider Africa ...,0.096688,Neutral,,0.082986,Neutral,20230309T181032
The newest US low-cost carrier is finally launching flights - but to Nevada instead of Japan or Korea,https://www.businessinsider.com/newest-us-airline-flying-vegas-california-japan-northern-pacific-airways-2023-3,Newest US Airline Not yet Bringing Low Fares to Japan. Northern ... - Business Insider ...,0.068621,Neutral,,0.047622,Neutral,20230309T181032
DGCA de-registers 2 SpiceJet aircrafts on request from Dublin-based lessors,https://www.business-standard.com/article/companies/dgca-de-registers-2-spicejet-aircrafts-on-request-from-dublin-based-lessors-123030901325_1.html,DGCA de-registers 2 SpiceJet aircrafts on request from Dublin ... Business Standard ...,-0.00467,Neutral,,0.0,Neutral,20230309T180500
Department of Defense Makes Bets $65 million On Sustainable Aviation Fuel With Latest Startup Investment,https://www.benzinga.com/government/23/03/31281647/department-of-defense-makes-bets-65-million-on-sustainable-aviation-fuel-with-latest-startup-investm,"In a bid to increase innovation and ultimately reduce costs, the U.S. Department of Defense ( DOD ) recently invested $65 million in the startup Air Company. The Toyota Motor Corp.- and JetBlue-backed firm will use the funds to refine its production and ultimately build carbon-capture and ...",0.21072,Somewhat-Bullish,,0.115958,Neutral,20230309T171316
Spirit Aerosystems  ( SPR )  Down 8.1% Since Last Earnings Report: Can It Rebound?,https://www.zacks.com/stock/news/2063694/spirit-aerosystems-spr-down-81-since-last-earnings-report-can-it-rebound,Spirit Aerosystems (SPR) reported earnings 30 days ago. What's next for the stock? We take a look at earnings estimates for some clues.,0.01914,Neutral,,0.034516,Neutral,20230309T163046
GE sticks to 2023 earnings forecast amid renewable energy troubles,https://www.reuters.com/business/ge-sticks-2023-earnings-forecast-2023-03-09/,"CINCINNATI, Ohio, March 9 ( Reuters ) - General Electric Co ( GE.N ) on Thursday reiterated its earnings outlook for this year as booming demand at its aerospace business is expected to make up for challenges at the company's renewable energy business.",0.147164,Neutral,,-0.076016,Neutral,20230309T113400
US To Seize Putin Ally's $25M Boeing Plane For Skirting Sanctions,https://www.benzinga.com/news/23/03/31270978/us-to-seize-putin-allys-25m-boeing-737-jet-for-converting-it-into-contraband,"The U.S. on Wednesday obtained a warrant to seize Vladimir Putin's ally's over $25 million worth jet. What Happened: The President Joe Biden-led administration will be seizing a Boeing owned by Russian oil company Rosneft, whose CEO Igor Sechin is a long-standing ally of the Russian president.",-0.09119,Neutral,,-0.159259,Somewhat-Bearish,20230309T070039
US authorizes seizure of $25M plane owned by Russian oil company Rosneft: DOJ,https://www.foxbusiness.com/politics/us-authorizes-seizure-25m-plane-owned-russian-oil-company-rosneft-doj,"The United States obtained a warrant Wednesday authorizing the seizure of an aircraft owned by PJSC Rosneft Oil Company, a Russian integrated energy company headquartered in Moscow. The Justice Department announced that the U.S District Court for the Eastern District of New York found probable ...",0.028497,Neutral,,0.044335,Neutral,20230309T060549
US gets warrant to seize Russian company's $25 mn Boeing 737 amid sanctions,https://www.business-standard.com/article/international/us-gets-warrant-to-seize-russian-company-s-25-mn-boeing-737-amid-sanctions-123030900193_1.html,US gets warrant to seize Russian companys $25 mn Boeing 737 ... Business Standard ...,0.0,Neutral,,0.069894,Neutral,20230309T054200
"March 8, 2023 - Russia-Ukraine news",https://www.cnn.com/europe/live-news/russia-ukraine-war-news-03-08-23,"Zelensky says he won't meet with Putin because Russian leader can't be trusted Volodymyr Zelensky speaks during a meeting in Kyiv, on March 8. ( Stringer/NurPhoto/Getty Images ) Ukrainian President Volodymyr Zelensky can't currently envisage a situation in which he would meet Russian leader ...",0.081236,Neutral,,0.09202,Neutral,20230309T050300
US issues warrant for $25m aeroplane owned by Russian oil giant,https://www.aljazeera.com/news/2023/3/9/us-issues-warrant-for-25m-airplane-owned-by-russian-oil-giant,"US government alleges the Boeing-made plane violated sanctions and commerce law by travelling to and from Russia. The United States government has requested and obtained a warrant to seize a Russian aircraft valued at $25m, according to a statement released on Wednesday.",-0.10435,Neutral,,-0.197056,Somewhat-Bearish,20230309T010649
"March 8, 2023 - Russia-Ukraine news",https://www.cnn.com/europe/live-news/russia-ukraine-war-news-03-08-23#h_d39af2b18ca52605d9d9b7e581b552fe,"Zelensky says he won't meet with Putin because Russian leader can't be trusted Volodymyr Zelensky speaks during a meeting in Kyiv, on March 8. ( Stringer/NurPhoto/Getty Images ) Ukrainian President Volodymyr Zelensky can't currently envisage a situation in which he would meet Russian leader ...",0.081236,Neutral,,0.09202,Neutral,20230308T234402
"JetBlue is going after traditional airlines serving the transatlantic market with a new route to Paris starting at $479, undercutting both Delta and American",https://www.businessinsider.com/jetblue-flights-newyork-paris-transatlantic-lowcost-2023-3,JetBlue Expands Transatlantic Flights With $479 Route to Paris - Business Insider ...,0.095796,Neutral,,-0.042058,Neutral,20230308T224630
"IBD 50 Stocks To Watch: Growth Stock United Wins Analyst Upgrade, Sets Huge Fleet Expansion Plans",https://www.investors.com/research/growth-stock-ibd-50-tock-united-airlines-rises-on-analyst-upgrade-huge-expansion-plans/,IBD 50 Stocks To Watch: Growth Stock United Wins Analyst Upgrade ... Investor's Business Daily ...,0.417527,Bullish,,0.203169,Somewhat-Bullish,20230308T205400
Lynx Air Adds Montreal to Its Network,https://www.benzinga.com/pressreleases/23/03/g31264868/lynx-air-adds-montreal-to-its-network,"MONTREAL, March 08, 2023 ( GLOBE NEWSWIRE ) -- Lynx Air ( Lynx ) , today announced the addition of Montreal to its network from June 5, 2023, taking the total number of North American destinations served by Lynx to fifteen.",0.294532,Somewhat-Bullish,,0.160107,Somewhat-Bullish,20230308T202436
How Is The Market Feeling About Boeing? - Boeing  ( NYSE:BA ) ,https://www.benzinga.com/short-sellers/23/03/31264755/how-is-the-market-feeling-about-boeing,"Boeing's BA short percent of float has risen 3.5% since its last report. The company recently reported that it has 8.83 million shares sold short, which is 1.48% of all regular shares that are available for trading. Based on its trading volume, it would take traders 1.4 days to cover their short ...",0.267375,Somewhat-Bullish,,0.158881,Somewhat-Bullish,20230308T201558
Southwest CEO says the airline not counting on deploying Boeing MAX 7s in 2023,https://www.reuters.com/business/aerospace-defense/southwest-ceo-says-airline-not-counting-deploying-boeing-max-7s-2023-2023-03-08/,Southwest CEO says the airline not counting on deploying Boeing ... ...,0.105048,Neutral,,0.0,Neutral,20230308T193700
"GE's investors seek solutions to renewable energy, supply chain challenges",https://www.reuters.com/business/energy/ges-investors-seek-solutions-renewable-energy-supply-chain-challenges-2023-03-08/,"GE's investors seek solutions to renewable energy, supply chain ... ...",0.038917,Neutral,,-0.080137,Neutral,20230308T185300
U.S. aviation regulator boosting safety staff,https://www.reuters.com/business/aerospace-defense/us-aviation-regulator-boosting-safety-staff-2023-03-08/,"WASHINGTON, March 8 ( Reuters ) - The acting head of the Federal Aviation Administration said Wednesday the agency plans add nearly 300 employees to its safety office as it ramps up oversight following two fatal Boeing 737 MAX crashes.",-0.162427,Somewhat-Bearish,,-0.384766,Bearish,20230308T160216
Chandler-Gilbert Community College Student Receives Thunderbird Field II Veterans Memorial Aviation Scholarship,https://www.benzinga.com/pressreleases/23/03/g31260518/chandler-gilbert-community-college-student-receives-thunderbird-field-ii-veterans-memorial-aviatio,"SCOTTSDALE, Ariz., March 08, 2023 ( GLOBE NEWSWIRE ) -- Thunderbird Field II Veterans Memorial, Inc. ( ""Tbird2"" ) announced a 2023 Aviation Scholarship has been awarded to Cintia Cantor Navas, a Chandler-Gilbert Community College ( a Maricopa Community College ) student earning an Associate ...",0.306851,Somewhat-Bullish,,0.007977,Neutral,20230308T160032
Navy Shortfall In P-8 Antisubmarine Aircraft Could Be A Problem For The Air Force Too,https://www.forbes.com/sites/lorenthompson/2023/03/08/navy-shortfall-in-p-8-antisubmarine-aircraft-could-be-a-problem-for-the-air-force-too/,"If the Navy doesn't meet its full warfighting requirement for antisubmarine planes, the Air Force could face challenges on its AWACS replacement.",-0.078612,Neutral,,-0.086944,Neutral,20230308T154947
Boeing Nears 737 Max Deal With Japan Airlines As Delays Strike Deliveries,https://www.investors.com/news/ba-stock-boeing-nears-737-max-deal-with-japan-airlines-as-delays-strike-deliveries/,Boeing Nears 737 Max Deal With Japan Airlines As Delays Strike ... Investor's Business Daily ...,-0.047318,Neutral,,-0.120746,Neutral,20230308T150400
Air Canada and CAE Name Eight Recipients of the 2023 Captain Judy Cameron Scholarship for Aspiring Women in Aviation,https://www.newswire.ca/news-releases/air-canada-and-cae-name-eight-recipients-of-the-2023-captain-judy-cameron-scholarship-for-aspiring-women-in-aviation-882643733.html,Air Canada and CAE Name Eight Recipients of the 2023 Captain ... Canada ...,0.331698,Somewhat-Bullish,,0.154398,Somewhat-Bullish,20230308T130000
Boeing Nears 737 Max Deal With Japan Airlines: Report - Boeing  ( NYSE:BA ) ,https://www.benzinga.com/news/23/03/31253087/boeing-nears-737-max-deal-with-japan-airlines-report,"Boeing Co BA is said to be nearing a deal for 20 of its 737 Max planes with Japan Airlines Co JAPSY. The order, if realized, will beat its rival Airbus SE EADSYand its A320neo aircraft family in the race, reported Bloomberg. The order will constitute smaller Max 8 jets along with some of ...",0.009388,Neutral,,0.167827,Somewhat-Bullish,20230308T104612
"Thermal Spray Coatings Market Estimated to Reach $10.7 Billion by 2025 Globally, at a CAGR of 7.0%, says MarketsandMarkets™",https://www.benzinga.com/pressreleases/23/03/g31253189/thermal-spray-coatings-market-estimated-to-reach-10-7-billion-by-2025-globally-at-a-cagr-of-7-0-sa,"Chicago, March 08, 2023 ( GLOBE NEWSWIRE ) -- The global thermal spray coatings market is estimated to be USD 7.6 billion in 2020 and is projected to reach USD 10.7 billion by 2025, at a CAGR of 7.0%, as per the recent study by MarketsandMarkets™.",0.155605,Somewhat-Bullish,,0.018459,Neutral,20230308T103000
Indian aviation market large enough to accommodate all players profitably,https://www.business-standard.com/article/current-affairs/indian-aviation-market-large-enough-to-accommodate-all-players-profitably-123030800556_1.html,Indian aviation market large enough to accommodate all players ... Business Standard ...,0.194194,Somewhat-Bullish,,0.0,Neutral,20230308T102600
"Global Military Robotic and Autonomous System Market Analysis Report 2023-2033: Market is Proliferated by AI, and its Integration with Military RAS has the Potential to Change Future Warfare",https://www.prnewswire.com/news-releases/global-military-robotic-and-autonomous-system-market-analysis-report-2023-2033-market-is-proliferated-by-ai-and-its-integration-with-military-ras-has-the-potential-to-change-future-warfare-301765538.html,Global Military Robotic and Autonomous System Market Analysis ... PR ...,0.146133,Neutral,,0.053119,Neutral,20230308T100000
Boeing close to finalising 737 Max deal with Japan Airlines- Bloomberg,https://www.reuters.com/business/aerospace-defense/boeing-close-finalising-737-max-deal-with-japan-airlines-bloomberg-2023-03-08/,Boeing close to finalising 737 Max deal with Japan Airlines ... ...,0.0,Neutral,,0.0,Neutral,20230308T095500
Indian aviation market large enough to 'accommodate all players profitably': Emirates | The Financial Express,https://www.financialexpress.com/infrastructure/airlines-aviation/indian-aviation-market-large-enough-to-accommodate-all-players-profitably-emirates/3002761/,Indian aviation market large enough to 'accommodate all players ... The Financial Express ...,0.194194,Somewhat-Bullish,,0.120474,Neutral,20230308T094702
Indian aviation market large enough to 'accommodate all players profitably': Emirates,https://www.moneycontrol.com/news/business/indian-aviation-market-large-enough-to-accommodate-all-players-profitably-emirates-10217251.html,"Emirates, which operates only wide-body A380s and B777s, flies to nine Indian cities and operates 167 weekly flights to the country.",0.194196,Somewhat-Bullish,,0.0,Neutral,20230308T092802
"Boeing 767 freighter, KC-46 tanker face delivery snags due to fuel tank problem",https://www.foxbusiness.com/markets/boeing-767-freighter-kc-46-tanker-face-delivery-snags-fuel-tank-problem,"A new supplier problem has stymied deliveries of Boeing's 767 freighter and KC-46 tanker, the company confirmed on Tuesday.",-0.234603,Somewhat-Bearish,,-0.410635,Bearish,20230307T235818
5 U.S. Cities Becoming the Fastest-Growing Startup and Innovation Hubs for 2023,https://www.benzinga.com/news/23/03/31247936/silicon-valley-is-losing-its-edge-after-double-digit-decline-in-vc-funding-dominance-5-u-s-cities-be,"For many years, Silicon Valley has been synonymous with the startup scene. The area, which generally includes San Francisco-San Jose-Oakland, California, served as a launching point for companies such as Apple Inc., Cisco Systems Inc. and eBay Inc. Today, Silicon Valley is home to some of the ...",0.272762,Somewhat-Bullish,,0.116906,Neutral,20230307T220406
"Two United planes clipped each other at Boston airport, prompting another federal investigation",https://africa.businessinsider.com/transportation/two-united-planes-clipped-each-other-at-boston-airport-prompting-another-federal/tlwt9vl,"Two United planes clipped each other at Boston airport, prompting ... - Business Insider Africa ...",-0.028462,Neutral,,0.017644,Neutral,20230307T205941
"Two United planes clipped each other at Boston airport, prompting another federal investigation",https://www.businessinsider.com/united-planes-collide-on-the-ramp-at-boston-airport-2023-3,United Planes Collide on the Ramp at Boston Airport - Business Insider ...,-0.035417,Neutral,,0.013889,Neutral,20230307T205941
AI CEO calls for concerted efforts to curb unruly passenger behaviour,https://www.business-standard.com/article/companies/ai-ceo-calls-for-concerted-efforts-to-curb-unruly-passenger-behaviour-123030701052_1.html,"Expressing concern over the rising number of instances involving unruly behaviours by passengers, Air India CEO Campbell Wilson has called for concerted industry efforts to contain the problem ...",-0.14613,Neutral,,0.11067,Neutral,20230307T174100
"With Growing Technological Advancements And Strategic Collaborations, The Aircraft Electrification Market Is Expected To Expand As Per The Business Research Company's Aircraft Electrification Global Market Report 2023",https://www.benzinga.com/pressreleases/23/03/g31241749/with-growing-technological-advancements-and-strategic-collaborations-the-aircraft-electrification-,"LONDON, March 07, 2023 ( GLOBE NEWSWIRE ) -- As per The Business Research Company's Aircraft Electrification Global Market Report 2023, turbocharger technology is a key trend shaping the aircraft electrification market.",0.161908,Somewhat-Bullish,,0.079403,Neutral,20230307T163000
NTSB & FAA Probe String Of Recent Runway Incidents: Report - American Airlines Group  ( NASDAQ:AAL ) ,https://www.benzinga.com/government/23/03/31235579/ntsb-faa-probe-string-of-recent-runway-incidents-report,U.S. aviation authorities reportedly probe a fresh incident involving two airplanes cleared to use the same runway that forced one to abandon a landing and renewed safety questions.,0.108425,Neutral,,0.0,Neutral,20230307T160612
"Boeing 767 freighter, KC-46 tanker face delivery snags due to fuel tank problem",https://www.reuters.com/business/aerospace-defense/boeing-767-freighter-kc-46-tanker-face-delivery-snags-due-fuel-tank-problem-2023-03-07/,"Boeing 767 freighter, KC-46 tanker face delivery snags due to fuel ... ...",-0.22764,Somewhat-Bearish,,-0.399481,Bearish,20230307T155200
"Company News for Mar 7, 2023",https://www.zacks.com/stock/news/2062553/company-news-for-mar-7-2023,Companies in The News Are: ...,0.031549,Neutral,,-0.360256,Bearish,20230307T143500
"GE Stock At New High As Investor Event, Defining Moment Loom",https://www.investors.com/news/ge-stock-new-high-investor-event-ge-aviation-looms/,General Electric ( GE ) is set to discuss its business and outlook at an investor event Thursday. GE stock was flat near a buy point in Tuesday's premarket trading. The meeting with analysts is being held at the GE aerospace headquarters in Cincinnati. The venue is notable.,0.154552,Somewhat-Bullish,,0.122693,Neutral,20230307T135700
"China Airlines restores daily service between Ontario, California, and Taipei",https://www.prnewswire.com/news-releases/china-airlines-restores-daily-service-between-ontario-california-and-taipei-301763632.html,"China Airlines restores daily service between Ontario, California ... PR ...",0.098167,Neutral,,0.029196,Neutral,20230307T130000
Three women pilot global aircraft engine maker Pratt and Whitney in India,https://www.business-standard.com/article/current-affairs/three-women-pilot-global-aircraft-engine-maker-pratt-whitney-in-india-123030700644_1.html,Three women pilot global aircraft engine maker Pratt and Whitney in ... Business Standard ...,0.086604,Neutral,,-0.092783,Neutral,20230307T121300
Qatar Airways to boost flights by 21% as demand rebounds,https://www.reuters.com/business/aerospace-defense/qatar-airways-boost-flights-by-21-demand-rebounds-2023-03-07/,"BERLIN, March 7 ( Reuters ) - Qatar Airways announced plans for sharp growth on Tuesday, as the travel industry recovers from the pandemic.",0.183244,Somewhat-Bullish,,-0.180912,Somewhat-Bearish,20230307T112700
Is General Electric Stock A Better Pick Over Its Sector Peer?,https://www.forbes.com/sites/greatspeculations/2023/03/07/is-general-electric-stock-a-better-pick-over-its-sector-peer/,"There is more to the comparison, and in the sections below, we discuss why we believe GE stock will offer better returns than LMT stock in the next three years.",0.212237,Somewhat-Bullish,,0.059013,Neutral,20230307T110000
Small Satellite Market to Hit USD 12.02 Billion by 2029 | At a CAGR of 11.53%,https://www.benzinga.com/pressreleases/23/03/g31231047/small-satellite-market-to-hit-usd-12-02-billion-by-2029-at-a-cagr-of-11-53,"Pune, India, March 07, 2023 ( GLOBE NEWSWIRE ) -- The global small satellite market size was valued at USD 4.90 billion in 2021 and reached USD 5.60 billion in 2022. The market is expected to be valued at USD 12.02 billion by 2029, exhibiting a CAGR of 11.53% during the forecast period.",0.227734,Somewhat-Bullish,,0.166951,Somewhat-Bullish,20230307T063044
"U.S. FAA, NTSB probe new airline runway incident",https://www.reuters.com/business/aerospace-defense/us-faa-ntsb-probe-new-airline-runway-incident-2023-03-07/,"WASHINGTON, March 6 ( Reuters ) - U.S. aviation authorities said late on Monday they were investigating a fresh incident involving two airplanes cleared to use the same runway that forced one to abandon a landing and renewed safety questions.",0.061335,Neutral,,0.039123,Neutral,20230307T051700
Fed's rate moves put manufacturing sector at risk,https://www.foxbusiness.com/economy/feds-rate-moves-put-manufacturing-sector-risk,"The American manufacturing sector is starting to show signs of weakness after two years of strong growth, as higher interest rates and a slowdown in exports threaten production. New orders for manufactured goods contracted for the sixth straight month through February, according to surveys by the ...",-0.03629,Neutral,,-0.069318,Neutral,20230307T000616
Boeing  ( BA )  Stock Sinks As Market Gains: What You Should Know,https://www.zacks.com/stock/news/2062363/boeing-ba-stock-sinks-as-market-gains-what-you-should-know,"Boeing (BA) closed at $211.92 in the latest trading session, marking a -1.48% move from the prior day.",0.220113,Somewhat-Bullish,,0.31794,Somewhat-Bullish,20230306T224521
Dow Jones Fades Ahead Of Powell Testimony; Ferrari Overtakes Tesla As Leader; Apple Pops,https://www.investors.com/market-trend/stock-market-today/dow-jones-fades-ahead-of-key-powell-testimony-ferrari-stock-overtakes-tesla-stock-as-leader-tests-entry/,Dow Jones Fades Ahead Of Powell Testimony. Ferrari Overtakes ... Investor's Business Daily ...,0.22108,Somewhat-Bullish,,-0.401555,Bearish,20230306T213700
"Southwest Airlines passengers detail 'horrifying' flight diverted in Carolinas, some vomited in 9-hour ordeal",https://www.foxbusiness.com/lifestyle/southwest-airlines-passengers-detail-horrifying-flight-diverted-carolinas-some-vomited-9-hour-ordeal,"Southwest Airlines passengers detailed a ""horrifying"" flight that was diverted from Raleigh, North Carolina, after the plane shook ""like crazy,"" causing several travelers to vomit during a landing attempt.",-0.120515,Neutral,,-0.067725,Neutral,20230306T201522
Is Commercial Aviation Ready To Make A Landing In Investors' Portfolios?,https://www.forbes.com/sites/greatspeculations/2023/03/06/is-commercial-aviation-ready-to-make-a-landing-in-investors-portfolios/,"Lufthansa's blockbuster report is just the latest signal that commercial aviation, one of the hardest-hit industries during the pandemic, may be ready to make a landing again in investors' portfolios.",0.124647,Neutral,,0.0,Neutral,20230306T193013
Boeing Unusual Options Activity For March 06 - Boeing  ( NYSE:BA ) ,https://www.benzinga.com/markets/options/23/03/31223534/boeing-unusual-options-activity-for-march-06,"A whale with a lot of money to spend has taken a noticeably bearish stance on Boeing. Looking at options history for Boeing BA we detected 128 strange trades. If we consider the specifics of each trade, it is accurate to state that 39% of the investors opened trades with bullish expectations and ...",0.104171,Neutral,,0.230143,Somewhat-Bullish,20230306T183107
"Two United Airlines planes make contact at Boston's Logan Airport, prompting FAA investigation",https://www.foxbusiness.com/economy/two-united-airlines-planes-make-contact-bostons-logan-airport-prompting-faa-investigation,"The Federal Aviation Administration tells FOX Business it has launched an investigation Monday after two United Airlines planes made contact at Boston's Logan International Airport. The incident at Logan happened about a week after a ""close call"" between a JetBlue flight and a Learjet there, ...",-0.014139,Neutral,,0.0,Neutral,20230306T180902
Icelandair: Traffic Data February 2023,https://www.globenewswire.com/news-release/2023/03/06/2621447/0/en/Icelandair-Traffic-Data-February-2023.html,"In February 2023, Icelandair's passengers were 200 thousand, compared to 125 thousand in February last year. Capacity in February was 42% higher than last year and 82% of February 2019.",0.068648,Neutral,,0.114941,Neutral,20230306T170100
Southwest passengers describe people vomiting and passing out during aborted landing in heavy turbulence. They were then left at an empty terminal at another airport.,https://africa.businessinsider.com/news/southwest-passengers-describe-people-vomiting-and-passing-out-during-aborted-landing/qtghy3x,Southwest passengers describe people vomiting and passing out ... - Business Insider Africa ...,-0.007125,Neutral,,-0.122036,Neutral,20230306T162922
U.S. factory orders drop 1.6% on falloff in Boeing contracts,https://www.marketwatch.com/story/u-s-factory-orders-fall-1-6-on-dropoff-in-boeing-contracts-e07148dd,U.S. factory orders dropped 1.6% in January mainly because of fewer contracts for large Boeing passenger planes. Most other manufacturers recorded somewhat higher bookings.,-0.095384,Neutral,,-0.075253,Neutral,20230306T152700
Breaking Down 3 Airline Segments  ( Avoid 1 ) ,https://www.zacks.com/commentary/2062049/breaking-down-3-airline-segments-avoid-1,"The highly-ranked airline industry is benefiting from a resurgence in air traffic. However, not all airlines are reaping the rewards. Andrew Rocco breaks down which should be bough and which should be avoided.",0.122597,Neutral,,0.094389,Neutral,20230306T145700
A Southwest passenger says they felt their lungs 'burning' after the cabin filled with smoke mid-flight,https://www.businessinsider.com/southwest-cabin-filled-smoke-passenger-lungs-burning-birdstrike-emergency-landing-2023-3,Southwest Passenger Said Lungs 'Burning' After Cabin Filled With ... - Business Insider ...,-0.306896,Somewhat-Bearish,,-0.313244,Somewhat-Bearish,20230306T143630
"Boeing, Airbus pair up to bid for UK's helicopter contract",https://www.reuters.com/business/aerospace-defense/boeing-airbus-pair-up-bid-uks-helicopter-contract-2023-03-06/,"[1/2] The Boeing logo is seen on the office building in Chicago April 26, 2006. March 6 ( Reuters ) - U.S. planemaker Boeing Co ( BA.N ) and its European rival Airbus SE ( AIR.PA ) have teamed up to bid for a UK government contract that would provide helicopters for the Royal Air Force and ...",0.087991,Neutral,,0.141791,Neutral,20230306T142900
Boeing  ( BA )  Wins $71M Deal to Support F/A-18E/F Super Hornet,https://www.zacks.com/stock/news/2061980/boeing-ba-wins-71m-deal-to-support-fa-18ef-super-hornet,Boeing (BA) is set to provide integrated logistics support in preparing Kuwait pilots for delivery of the Kuwait F/A-18E/F Super Hornets.,0.327712,Somewhat-Bullish,,0.394248,Bullish,20230306T131700
Will the Navy buy the Rafale or F/A-18E/F Super Hornet -Announcement expected soon | The Financial Express,https://www.financialexpress.com/defence/will-the-navy-buy-the-rafale-or-fa-18ef-super-hornet-announcement-expected-soon/3001061/,Will the Navy buy the Rafale or F/A-18E/F Super Hornet ... The Financial Express ...,0.220651,Somewhat-Bullish,,0.057136,Neutral,20230306T112517
Jalan-Kalrock in discussions to order 200 aircraft for Jet Airways,https://www.business-standard.com/article/companies/jalan-kalrock-in-discussions-to-order-200-aircraft-for-jet-airways-123030600567_1.html,The airline wants to maintain a fleet that allows them to tap the market opportunity in India ...,0.111835,Neutral,,0.12183,Neutral,20230306T103300
The CEO of Boeing missed a 2022 goal and did not get a $7 million bonus - but he still made $22.5 million,https://www.businessinsider.com/boeing-ceo-calhoun-missed-bonus-miss-goal-compensation-777x-service-2023-3,"Boeing's CEO Missed $7M Bonus on Missed Goal, but Still Made ... - Business Insider ...",0.190516,Somewhat-Bullish,,0.407952,Bullish,20230306T081200
The CEO of Boeing missed a 2022 goal and did not get a $7 million bonus - but he still made $22.5 million,https://africa.businessinsider.com/transportation/the-ceo-of-boeing-missed-a-2022-goal-and-did-not-get-a-dollar7-million-bonus-but-he/0bw9f1v,The CEO of Boeing missed a 2022 goal and did not get a $7 million ... - Business Insider Africa ...,0.173833,Somewhat-Bullish,,0.392779,Bullish,20230306T081200
Aerospace Bearings Market to Worth USD 17.44 Billion | At a CAGR 7.95%,https://www.benzinga.com/pressreleases/23/03/g31211556/aerospace-bearings-market-to-worth-usd-17-44-billion-at-a-cagr-7-95,"Pune India, March 06, 2023 ( GLOBE NEWSWIRE ) -- The global aerospace bearings market is projected to gain momentum from the rising utilization of high-load capacity bearings in aircraft.",0.293376,Somewhat-Bullish,,0.113817,Neutral,20230306T065858
"IndiGo to enable codeshare connectivity to US, Canada with Turkish Airlines",https://www.business-standard.com/article/companies/indigo-to-enable-codeshare-connectivity-to-us-canada-with-turkish-airlines-123030500830_1.html,"IndiGo on Sunday said it is looking at enabling codeshare connectivity to the US and Canada through its partnership with Turkish Airlines. On Friday, a senior official told PTI that the airline has received approval from the civil aviation ministry to wet lease up to two planes for operating ...",0.136167,Neutral,,0.0,Neutral,20230305T180600
"IndiGo looks to enable codeshare connectivity to US, Canada | The Financial Express",https://www.financialexpress.com/industry/indigo-looks-to-enable-codeshare-connectivity-to-us-canada/3000384/,"IndiGo looks to enable codeshare connectivity to US, Canada The Financial Express ...",0.136167,Neutral,,0.0,Neutral,20230305T170421
One of the biggest autonomous transportation tests is operating deep underwater,https://www.cnbc.com/2023/03/05/one-of-the-biggest-autonomous-vehicle-tests-is-deep-underwater.html,"Self-driving innovation is thousands of feet below the ocean surface, with Boeing and other defense contractors building unmanned subs for the military.",0.109677,Neutral,,0.07046,Neutral,20230305T143608
Weekly Business Roundup at 10:00 am on 4th March 2023 | The Financial Express,https://www.financialexpress.com/audio/expresso-business-update/business-news-at-1000-am-on-4th-march-2023/2998938/,Weekly Business Roundup at 10:00 am on 4th March 2023 The Financial Express ...,0.098582,Neutral,,0.117726,Neutral,20230304T043030
"IndiGo gets civil aviation ministry's nod to wet lease planes for US, Canada operations: Official",https://www.moneycontrol.com/news/business/indigo-gets-civil-aviation-ministrys-nod-to-wet-lease-planes-for-us-canada-operations-official-2-10197561.html,It could not be immediately ascertained whether IndiGo has firmed up plans on operating flights to the US and Canada.,0.12279,Neutral,,0.0,Neutral,20230304T032322
LIVE: Manish Sisodia to be produced at Delhi court today in excise case,https://www.business-standard.com/article/current-affairs/live-earthquake-caused-damage-worth-5-1-bn-in-syria-says-world-bank-123030400130_1.html,"LIVE: Earthquake caused damage worth $5.1 bn in Syria, says ... Business Standard ...",0.021844,Neutral,,0.070184,Neutral,20230304T031500
"IndiGo gets aviation ministry's nod to wet lease planes for US, Canada ops",https://www.business-standard.com/article/companies/indigo-gets-aviation-ministry-s-nod-to-wet-lease-planes-for-us-canada-ops-123030301372_1.html,"The country's largest airline IndiGo, which is focusing on internationalisation, has received approval from the civil aviation ministry to wet lease up to two planes for operating flights to the United States and Canada, according to a senior official.",0.12279,Neutral,,0.0,Neutral,20230304T011400
Indexes Close Near Session Highs As Yields Ease; Tesla China Deliveries Jump,https://www.investors.com/market-trend/stock-market-today/dow-jones-other-indexes-strengthen-in-afternoon-trading-this-index-outperforms-market/,Dow Jones Indexes Rise On Strong Business Activity. AI Stock ... Investor's Business Daily ...,0.267347,Somewhat-Bullish,,0.010323,Neutral,20230303T224700
Boeing Board Denies CEO David Calhoun a Performance Bonus,https://www.wsj.com/articles/boeing-board-denies-ceo-david-calhoun-a-performance-bonus-3a3a6c74,"Citing delays with the new 777X jetliner, Boeing's board declined to award CEO David Calhoun a $7 million stock-based performance award.",0.133313,Neutral,,0.195715,Somewhat-Bullish,20230303T221600
Boeing denies CEO Calhoun $7 million bonus due to 777X delays,https://www.reuters.com/business/aerospace-defense/boeing-denies-ceo-calhoun-7-million-bonus-due-777x-delays-2023-03-03/,"[1/2] Dave Calhoun, CEO of Boeing, speaks on stage during the delivery of the final 747 jet at their plant in Everett, Washington, U.S. January 31, 2023. REUTERS/David Ryder/File Photo",0.170617,Somewhat-Bullish,,0.226418,Somewhat-Bullish,20230303T200500
Budget airline IndiGo pits Boeing against Airbus in record jet order talks,https://www.business-standard.com/article/companies/budget-airline-indigo-pits-boeing-against-airbus-in-record-jet-order-talks-123030301240_1.html,"Indian budget carrier IndiGo is in talks with both Boeing and its supplier Airbus to order more than 500 passenger jets, potentially smashing an industry record set by domestic rival Air India ...",-0.032974,Neutral,,-0.120213,Neutral,20230303T174100
Exclusive: IndiGo pits Boeing against Airbus in record jet order talks,https://www.reuters.com/business/aerospace-defense/indigo-pits-boeing-against-airbus-record-jet-order-talks-2023-03-03/,"DELHI/PARIS, March 3 ( Reuters ) - Indian budget carrier IndiGo is in talks with both Boeing ( BA.N ) and its current supplier Airbus ( AIR.PA ) to order more than 500 passenger jets, potentially smashing an industry record set by domestic rival Air India a few weeks ago, industry sources said.",-0.035344,Neutral,,-0.124171,Neutral,20230303T154900
"After Covid, The Global Commercial Aviation Fleet Starts To Grow Again",https://www.forbes.com/sites/oliverwyman/2023/03/03/after-covid-the-global-commercial-aviation-fleet-starts-to-grow-again/,"The fleet will surpass its pre-pandemic, peak size this year, despite the Ukraine war, labor shortages, and supply chain disruptions. By 2033 it will top 36,000 aircraft.",0.106964,Neutral,,0.025699,Neutral,20230303T143123
This European airline will introduce double beds in the sky,https://www.cnn.com/travel/article/lufthansa-allegris-double-beds/index.html,"Editor's Note: Sign up for Unlocking the World, CNN Travel's weekly newsletter. Get news about destinations opening, inspiration for future adventures, plus the latest in aviation, food and drink, where to stay and other travel developments.",0.141283,Neutral,,0.0,Neutral,20230303T134400
Luxair to Grow Single-Aisle Fleet with Boeing 737 Jets - Boeing  ( NYSE:BA ) ,https://www.benzinga.com/pressreleases/23/03/n31190822/luxair-to-grow-single-aisle-fleet-with-boeing-737-jets,"SEATTLE, March 3, 2023 /PRNewswire/ -- Luxair and Boeing BA today announced that the Luxembourgian airline has chosen the fuel-efficient 737-8 to expand its single-aisle fleet with an agreement to acquire four jets.",0.369929,Bullish,,0.393137,Bullish,20230303T124500
"SpaceX Rival Backed By Boeing And Lockheed Martin Reportedly Up For Sale - Amazon.com  ( NASDAQ:AMZN ) , Boeing  ( NYSE:BA ) ",https://www.benzinga.com/news/23/03/31189561/spacex-rival-backed-by-boeing-and-lockheed-martin-reportedly-up-for-sale,"Elon Musk-owned SpaceX competitor United Launch Alliance, or ULA, is reportedly up for sale. What Happened: ULA, a joint venture between Lockheed Martin Corp. LMT and Boeing Co. BA, was launched in 2006 and is expected to be sold later this year, reported Ars Technica, citing three sources.",0.087538,Neutral,,0.088623,Neutral,20230303T123154
Northrop  ( NOC )  Wins a Navy Contract for E-2D Hawkeye Aircraft,https://www.zacks.com/stock/news/2061396/northrop-noc-wins-a-navy-contract-for-e-2d-hawkeye-aircraft,Northrop (NOC) is set to provide fabrication and installation support to retrofit the Delta System Software Configuration 4.0 capabilities within E-2D Advanced Hawkeye aircraft.,0.295316,Somewhat-Bullish,,0.244281,Somewhat-Bullish,20230303T120200
Rise of Indian Soft power Diplomacy | The Financial Express,https://www.financialexpress.com/defence/rise-of-indian-soft-power-diplomacy/2998900/,Rise of Indian Soft power Diplomacy The Financial Express ...,0.345063,Somewhat-Bullish,,0.138688,Neutral,20230303T113154
Boeing Bags Order From Greater Bay Airlines For 15 737-9 Airplanes - Boeing  ( NYSE:BA ) ,https://www.benzinga.com/news/23/03/31188586/boeing-bags-order-from-greater-bay-airlines-for-15-737-9-airplanes,Hong Kong-based low cost carrier Greater Bay Airlines ( GBA ) has ordered for 15 Boeing Co BA 737-9 airplanes. The financial terms were not disclosed. The agreement also includes a commitment for five 787 Dreamliners to support GBA's long-term plan to launch international long-haul service.,0.245478,Somewhat-Bullish,,0.390513,Bullish,20230303T095240
Greater Bay Airlines Announces Order for 15 737-9 Airplanes - Boeing  ( NYSE:BA ) ,https://www.benzinga.com/pressreleases/23/03/n31188233/greater-bay-airlines-announces-order-for-15-737-9-airplanes,"HONG KONG, March 3, 2023 /PRNewswire/ -- Greater Bay Airlines ( GBA ) and Boeing BA today announced an order for 15 737-9 airplanes. The agreement also includes a commitment for five 787 Dreamliners to support GBA's long-term plan to launch international long-haul service.",0.331335,Somewhat-Bullish,,0.280356,Somewhat-Bullish,20230303T075300
Lufthansa banks on higher capacity after swing to profit in 2022,https://www.marketwatch.com/story/lufthansa-banks-on-higher-capacity-after-swing-to-profit-update-910676c3,The German carrier group on Friday posted a net profit of 791 million euros ($838.2 million) for the year and EUR307 million for the fourth quarter.,0.109204,Neutral,,0.06889,Neutral,20230303T072800
Hong Kong's Greater Bay Airlines announces order for 15 Boeing 737-9 airplanes,https://www.reuters.com/business/aerospace-defense/hong-kongs-greater-bay-airlines-announces-order-15-boeing-737-9-airplanes-2023-03-03/,Hong Kong's Greater Bay Airlines announces order for 15 Boeing ... ...,0.163093,Somewhat-Bullish,,0.323237,Somewhat-Bullish,20230303T062100
"Dow Jones Rallies As Tesla Dives, Leads 'Race To The Bottom'; Warren Buffett Stock Craters",https://www.investors.com/market-trend/stock-market-today/dow-jones-gains-tesla-stock-dives-leads-race-to-the-bottom-warren-buffett-stock-craters-elon-musk/,"Dow Jones Rallies As Tesla Dives, Leads 'Race To The Bottom ... Investor's Business Daily ...",0.049141,Neutral,,0.341112,Somewhat-Bullish,20230302T213900
"Rate Expectations: Stocks Struggle for Direction as Yields, Dollar Push Higher - Macy's  ( NYSE:M ) , Salesforce  ( NYSE:CRM ) ",https://www.benzinga.com/markets/23/03/31179876/rate-expectations-stocks-struggle-for-direction-as-yields-dollar-push-higher,"( Thursday market open ) Earnings season is having its last hurrah, but even solid results from a handful of major companies can't compete with rising yields for attention on Wall Street. Major indexes remain under intense pressure from the fixed income market, and it's hard to see a catalyst ...",0.076608,Neutral,,0.180947,Somewhat-Bullish,20230302T194301
Investing in Space: Sizing up,https://www.cnbc.com/2023/03/02/investing-in-space-sizing-up.html,"Measuring the size of the space economy, whether globally or just for the U.S., is an important part of understanding the scale of the industry.",0.126257,Neutral,,0.096382,Neutral,20230302T172418
UAL Stock Set For Takeoff With 226% Growth In Sight,https://www.investors.com/research/ibd-stock-analysis/ual-stock-sets-up-as-cpa-dal-aal-ryaay-make-flight-plans/,"Joining Delta Air Lines ( DAL ) and Copa ( CPA ) in three-way for top billing among airline stocks, United Airlines ( UAL ) is set to take flight - if market turbulence subsides.",0.255702,Somewhat-Bullish,,0.052965,Neutral,20230302T164000
Air India resumes Delhi-Copenhagen non-stop flight after three years,https://www.business-standard.com/article/current-affairs/air-india-resumes-delhi-copenhagen-non-stop-flight-after-three-years-123030201202_1.html,"With a view to strengthen its footprint in Europe, Air India has resumed its non-stop service on the Delhi-Copenhagen-Delhi sector after three years. This service will further strengthen Air India's foothold in Europe, after the recently resumed flights to Vienna and Milan, the airline said.",0.247633,Somewhat-Bullish,,0.0,Neutral,20230302T163200
Skyservice Breaks Ground in Seattle,https://www.prnewswire.com/news-releases/skyservice-breaks-ground-in-seattle-301760957.html,"TORONTO, March 2, 2023 /PRNewswire/ - Skyservice Business Aviation ( ""Skyservice"" or ""the Company"" ) , a North American leader in business aviation, broke ground today on a 71,000-square-foot FBO and hangar complex for Seattle travelers at King County International Airport-Boeing Field ( BFI ) .",0.400097,Bullish,,-0.128526,Neutral,20230302T153000
Skyservice Breaks Ground in Seattle,https://www.newswire.ca/news-releases/skyservice-breaks-ground-in-seattle-840378904.html,"TORONTO, March 2, 2023 /CNW/ - Skyservice Business Aviation ( ""Skyservice"" or ""the Company"" ) , a North American leader in business aviation, broke ground today on a 71,000-square-foot FBO and hangar complex for Seattle travelers at King County International Airport-Boeing Field ( BFI ) .",0.391358,Bullish,,-0.124401,Neutral,20230302T153000
Etihad Airways Engineering partners with Ramco Systems,https://www.newswire.ca/news-releases/etihad-airways-engineering-partners-with-ramco-systems-825760004.html,"DUBAI, UAE and CHENNAI, India, March 2, 2023 /CNW/ -- Etihad Airways Engineering, one of the world's leading aircraft maintenance and engineering solutions providers, has partnered with global enterprise aviation software provider Ramco Systems to implement its Aviation Suite V5.9.",0.364391,Bullish,,0.144462,Neutral,20230302T151600
Etihad Airways Engineering partners with Ramco Systems,https://www.benzinga.com/pressreleases/23/03/n31172057/etihad-airways-engineering-partners-with-ramco-systems,"Enhances its Digital MRO journey with Ramco Aviation Suite DUBAI, UAE and CHENNAI, India, March 2, 2023 /PRNewswire/ -- Etihad Airways Engineering, one of the world's leading aircraft maintenance and engineering solutions providers, has partnered with global enterprise aviation software provider ...",0.364268,Bullish,,0.142015,Neutral,20230302T151600
Etihad Airways Engineering partners with Ramco Systems,https://www.benzinga.com/pressreleases/23/03/n31172059/etihad-airways-engineering-partners-with-ramco-systems,"Enhances its Digital MRO journey with Ramco Aviation Suite DUBAI, UAE and CHENNAI, India, March 2, 2023 /CNW/ -- Etihad Airways Engineering, one of the world's leading aircraft maintenance and engineering solutions providers, has partnered with global enterprise aviation software provider Ramco ...",0.366338,Bullish,,0.141899,Neutral,20230302T151600
Boeing nominates first Europe-based board member,https://www.reuters.com/business/aerospace-defense/boeing-nominates-first-europe-based-member-board-directors-2023-03-02/,Boeing nominates first Europe-based member of board of directors ...,0.138865,Neutral,,0.192701,Somewhat-Bullish,20230302T151109
Terrifying video of Russian plane losing cabin pressure mid-flight shows how dangerous it's gotten to fly in Russia,https://africa.businessinsider.com/news/terrifying-video-of-russian-plane-losing-cabin-pressure-mid-flight-shows-how/wmdrchb,Terrifying video of Russian plane losing cabin pressure mid-flight ... - Business Insider Africa ...,-0.118949,Neutral,,0.066755,Neutral,20230302T150318
Boeing Nominates Sabrina Soussan to Board of Directors,https://www.prnewswire.com/news-releases/boeing-nominates-sabrina-soussan-to-board-of-directors-301760998.html,"ARLINGTON, Va., March 2, 2023 /PRNewswire/ --The Boeing Company [NYSE: BA] Board of Directors today announced that it has nominated Sabrina Soussan to be elected as a new director at the company's upcoming annual meeting of shareholders.",0.351613,Bullish,,0.51127,Bullish,20230302T150000
News narratives shape markets. Investors should learn to read them,https://www.scmp.com/comment/opinion/article/3211922/investors-should-learn-spot-news-narratives-move-markets,Narratives like 'zero-Covid' or 'Russian invasion' act as powerful forces on markets. mining them for key data can help investors stay on top of trends. Even using internet tools to monitor the frequency and correlation of key words found within news narratives can give investors clues about ...,-0.04154,Neutral,,-0.222838,Somewhat-Bearish,20230302T133011
Lufthansa to order 22 long-haul aircraft with total list price of $7.5 bln,https://www.reuters.com/business/aerospace-defense/lufthansa-order-22-long-haul-aircraft-with-total-list-price-75-bln-2023-03-02/,Lufthansa to order 22 long-haul aircraft with total list price of ...,0.311611,Somewhat-Bullish,,0.0,Neutral,20230302T132700
Satellite Manufacturing and Launch System Market to Hit USD 54.17 Billion by 2027 | At CAGR of 12.45%,https://www.benzinga.com/pressreleases/23/03/g31165370/satellite-manufacturing-and-launch-system-market-to-hit-usd-54-17-billion-by-2027-at-cagr-of-12-45,"Pune, India, March 02, 2023 ( GLOBE NEWSWIRE ) -- The global satellite manufacturing and launch system market size is expected to reach USD 54.17 billion in 2027, exhibiting a CAGR of 12.45% during the forecast period, states Fortune Business Insights, in a report, titled ""Satellite ...",0.245199,Somewhat-Bullish,,0.0,Neutral,20230302T125139
Terrifying video of Russian plane losing cabin pressure mid-flight shows how dangerous it's gotten to fly in Russia,https://www.businessinsider.com/video-shows-terrifying-russia-plane-loses-cabin-pressure-plane-dangerous-2023-3,Video of Plane Losing Cabin Pressure Shows Danger of Flying in ... - Business Insider ...,-0.165378,Somewhat-Bearish,,-0.079727,Neutral,20230302T123828
GameOn Announces Grant Funding From The HBAR Foundation,https://www.newswire.ca/news-releases/gameon-announces-grant-funding-from-the-hbar-foundation-865317229.html,"VANCOUVER, BC, March 2, 2023 /CNW/ -- ( CSE: GET ) ( OTCQB: GMETF ) , a leading B2B technology company partnered with the world's biggest IPs to launch, operate, and monetize web3 games, today announces a grant from The HBAR Foundation.",0.200489,Somewhat-Bullish,,0.045701,Neutral,20230302T120000
GameOn Announces Grant Funding From The HBAR Foundation - GameOn Entertainment Tech  ( OTC:GMETF ) ,https://www.benzinga.com/pressreleases/23/03/n31163110/gameon-announces-grant-funding-from-the-hbar-foundation,"VANCOUVER, BC, March 2, 2023 /PRNewswire/ -- GameOn GET GMETF, a leading B2B technology company partnered with the world's biggest IPs to launch, operate, and monetize web3 games, today announces a grant from The HBAR Foundation.",0.198187,Somewhat-Bullish,,0.061405,Neutral,20230302T120000
GameOn Announces Grant Funding From The HBAR Foundation - GameOn Entertainment Tech  ( OTC:GMETF ) ,https://www.benzinga.com/pressreleases/23/03/n31163139/gameon-announces-grant-funding-from-the-hbar-foundation,"VANCOUVER, BC, March 2, 2023 /CNW/ -- GameOn GET GMETF, a leading B2B technology company partnered with the world's biggest IPs to launch, operate, and monetize web3 games, today announces a grant from The HBAR Foundation.",0.200461,Somewhat-Bullish,,0.061338,Neutral,20230302T120000
"Lightfoot's mayoral loss follows corporate exodus from Chicago led by Boeing, Citadel, Tyson Foods",https://www.foxbusiness.com/economy/lightfoots-mayoral-loss-follows-corporate-exodus-led-by-boeing-citadel-tyson-foods,"Chicago Mayor Lori Lightfoot became the first mayor of the Windy City to lose reelection in 40 years when she was defeated in Tuesday's primary, and an exodus of major corporations from the Chicago area preceded her electoral defeat amid surging crime.",-0.100151,Neutral,,0.031145,Neutral,20230302T111216
Lockheed  ( LMT )  Wins Contract to Support CH-53K Helicopter,https://www.zacks.com/stock/news/2060788/lockheed-lmt-wins-contract-to-support-ch-53k-helicopter,Lockheed (LMT) is set to offer non-recurring engineering support to qualify the re-designed Data Concentrator Unit and Blade Fold Distributor hardware on the CH-53K aircraft.,0.307157,Somewhat-Bullish,,0.280056,Somewhat-Bullish,20230302T103100
SpaceX launches crew of four to the International Space Station,https://www.axios.com/2023/03/02/spacex-crew-launches-space-station,SpaceX launches crew of four to International Space Station ...,0.056076,Neutral,,0.023858,Neutral,20230302T055608
Alaska State Workers Hoodwinked Into Believing 401 ( k ) -Style Retirement Plan Was As Good As A Pension,https://www.forbes.com/sites/edwardsiedle/2023/03/01/alaska-state-workers-hoodwinked-into-believing-401k-style-retirement-plan-was-as-good-as-a-pension/,"From Alaska to Florida, America's state and local governments have been pushing their workers out of pensions into 401(k)-type retirement plans-misleadingly claiming the retirement benefits are comparable. Workers are awakening to discover they were hoodwinked.",-0.041518,Neutral,,0.029933,Neutral,20230301T212450
Manufacturing contracts for third straight month,https://www.foxbusiness.com/economy/manufacturing-contracts-third-straight-month,"Amid improving supply and softening demand, U.S. manufacturing contracted again in February. On Wednesday, the Institute for Supply Management ( ISM ) said that its Manufacturing Purchasing Managers' Index ( PMI ) was little changed at a reading of 47.7 last month from 47.4 in January, although ...",-0.068515,Neutral,,0.0,Neutral,20230301T211741
Boeing veteran McKenzie promoted to chief engineer job,https://www.reuters.com/business/aerospace-defense/boeing-names-new-chief-engineer-2023-03-01/,Boeing names new chief engineer ...,0.145767,Neutral,,0.038043,Neutral,20230301T182508
Boeing Isn't Quite the Company You Think It Is,https://www.fool.com/investing/2023/03/01/boeing-isnt-quite-the-company-you-think-it-is/,The iconic aircraft maker does so much more than manufacture commercial jets.,0.024089,Neutral,,-0.052594,Neutral,20230301T142500
Is Trending Stock The Boeing Company  ( BA )  a Buy Now?,https://www.zacks.com/stock/news/2060369/is-trending-stock-the-boeing-company-ba-a-buy-now,"Zacks.com users have recently been watching Boeing (BA) quite a bit. Thus, it is worth knowing the facts that could determine the stock's prospects.",0.226533,Somewhat-Bullish,,0.125917,Neutral,20230301T140014
"Just How Big, Really, Is the ""Biggest Airplane Sale in History""?",https://www.fool.com/investing/2023/03/01/how-big-is-the-biggest-airplane-sale-in-history/,Boeing's big airplane sale is a big deal for the company -- but Boeing stock remains risky.,0.101445,Neutral,,0.194331,Somewhat-Bullish,20230301T135100
Boeing  ( BA )  Wins Navy Contract to Support P-8A Aircraft,https://www.zacks.com/stock/news/2060261/boeing-ba-wins-navy-contract-to-support-p-8a-aircraft,Boeing is set to procure eight P-8A Increment 3 retrofit A-kits to include associated special tooling.,0.302734,Somewhat-Bullish,,0.311281,Somewhat-Bullish,20230301T125000
"Kratos Defense  ( KTOS )  Q4 Earnings Beat, Revenues Up Y/Y",https://www.zacks.com/stock/news/2060260/kratos-defense-ktos-q4-earnings-beat-revenues-up-yy,Kratos Defense's (KTOS) Q4 revenues of $249.3 million surpass the Zacks Consensus Estimate by 0.5%. Total revenues also increase 17.8% from the year-ago quarter.,0.152252,Somewhat-Bullish,,0.074055,Neutral,20230301T124900
"The Zacks Analyst Blog Highlights Allegiant Travel Company, Copa Holdings, JetBlue Airways, American Airlines and Gol Linhas",https://www.zacks.com/stock/news/2060198/the-zacks-analyst-blog-highlights-allegiant-travel-company-copa-holdings-jetblue-airways-american-airlines-and-gol-linhas,"Allegiant Travel Company, Copa Holdings, JetBlue Airways, American Airlines and Gol Linhas are included in this Analyst Blog.",0.158486,Somewhat-Bullish,,0.062912,Neutral,20230301T112600
"Akasa Air to buy more than 100 aircraft, to place 'large order in three digits' by year-end, says CEO | The Financial Express",https://www.financialexpress.com/industry/akasa-air-to-buy-more-than-100-aircraft-to-place-large-order-in-three-digits-by-year-end-says-ceo/2996442/,"Akasa Air to buy more than 100 aircraft, to place 'large order in three ... The Financial Express ...",0.069368,Neutral,,0.056964,Neutral,20230301T111728
Fox and Trump's marriage of convenience is held hostage by the GOP base | Politics,https://www.cnn.com/2023/03/01/politics/trump-fox-republican-party-2024/index.html,Fox and Trump's marriage of convenience is held hostage by the GOP base ...,0.00741,Neutral,,0.017986,Neutral,20230301T050500
Fox and Trump's marriage of convenience is held hostage by the GOP base | Politics,https://edition.cnn.com/2023/03/01/politics/trump-fox-republican-party-2024,Fox and Trump's marriage of convenience is held hostage by the ... CNN International ...,0.00741,Neutral,,0.017986,Neutral,20230301T050500
Lori Lightfoot ousted in Chicago mayoral election,https://www.axios.com/2023/03/01/lori-lightfoot-ousted-in-chicago-mayoral-election,Chicago Mayor Lori Lightfoot becomes only the second one-term Chicago mayor in 40 years. Photo: Scott Olson/Getty Images Chicago's next mayor will be either progressive county commissioner Brandon Johnson or a former schools chief named Paul Vallas after incumbent mayor Lori Lightfoot was knocked ...,0.18439,Somewhat-Bullish,,-0.154544,Somewhat-Bearish,20230301T030637
Boeing to develop new U.S. variants of E-7 for U.S. Air Force,https://www.reuters.com/business/aerospace-defense/boeing-develop-new-us-variants-e-7-us-air-force-2023-03-01/,"Feb 28 ( Reuters ) - Boeing Co ( BA.N ) will begin development of two new U.S. variants of the E-7 Airborne Early Warning & Control ( AEW&C ) aircraft for the United States Air Force, the planemaker said on Tuesday.",0.033011,Neutral,,0.015846,Neutral,20230301T001100
